text,title,url,id,subreddit,meta,time,author,ups,downs,authorlinkkarma,authorcommentkarma,authorisgold
,"support a 100 % people-funded , nonpartisan online news source by sibel edmonds ( kickstarter )",https://www.kickstarter.com/projects/141490519/support-a-100-people-funded-nonpartisan-online-new?ref=project_tweet,4606mr,libertarian,news,1455588273,TheNiceSociopath,7,0,339,571,0
,"hillary clinton is losing faith in her "" latino firewall "" in nevada",http://www.vox.com/2016/2/16/11014922/nevada-caucus-latinos,462n8i,politics,news,1455632702,dnzvdo,1533,0,6426,3,0
,"step by step , pot-legalizing states free their marijuana markets",http://reason.com/archives/2016/02/16/step-by-step-pot-legalizing-states-free,4627gv,libertarian,news,1455625403,ghostofpennwast,55,0,231424,80539,1
,twitter shadowbanning ‘ real and happening every day ’ says inside source,http://www.breitbart.com/tech/2016/02/16/exclusive-twitter-shadowbanning-is-real-say-inside-sources/,4663o6,libertarian,news,1455677074,PCisLame,3,0,39110,-100,0
,/r/facepalm thinks national socialism is not socialism,https://www.reddit.com/r/facepalm/comments/462syg/someone_posted_this_in_twitter_under_trump/,463uel,libertarian,news,1455647667,RubberDong,0,0,11202,222528,0
,"faced with a budget crunch , isis is killing perks and slashing salaries",http://www.nzherald.co.nz/world/news/article.cfm?c_id=2&amp;objectid=11590802,464lhm,worldnews,news,1455656820,poik12,7,0,4344,11947,0
,turkish warplanes violate greek airspace 22 times within 24 hours,http://www.ibtimes.co.uk/turkish-warplanes-violate-greek-airspace-22-times-within-24-hours-1544036,4615gx,worldnews,news,1455602779,elusive_newsman,540,0,44423,3890,0
,judge : apple must help us hack san bernardino killer 's phone,"http://bigstory.ap.org/145860f91b854a709c1a47190563c86e&amp;utm_source=android_app&amp;utm_medium=reddit_is_fun&amp;utm_campaign=share

Shared via AP Mobile. Download the app now:
iOS - http://itunes.apple.com/us/app/ap-mobile/id284901416?mt=8
Android - https://play.google.com/store/apps/details?id=mnn.Android&amp;referrer=utm_source=share_item&amp;utm_medium=reddit_is_fun",4667nv,news,news,1455678590,OBAMAS_WAR_COCK,4,0,2764,5036,0
,"the animals that sniff out tb , cancer and landmines",http://mosaicscience.com/story/rats-and-dogs-medical-detection-animals-smell-TB-cancer,4.62E+31,offbeat,news,1455628687,speckz,6,0,1181693,6051,1
,"poll : some borrowers would cut off pinkies , take punch to dump student loans",http://www.upi.com/Odd_News/2016/02/12/Poll-Some-borrowers-would-cut-off-pinkies-take-punch-to-dump-student-loans/8041455295095/?spt=sec&amp;or=on&amp;utm_source=fark&amp;utm_medium=website&amp;utm_content=link,4628g0,offbeat,news,1455625941,Fitbitnitwit,125,0,14331,451,0
,"through the ars lens : looking at justice scalia ’ s opinions , dissents",http://arstechnica.com/tech-policy/2016/02/through-the-ars-lens-looking-at-justice-scalias-opinions-dissents/,460z0q,libertarian,news,1455599815,Wrenky,30,0,312,7162,0
,"those are some perks at this california water agency. employees get playstation , tent , puppy -- tax free -- funded with rising water bills",http://www.sandiegouniontribune.com/news/2016/feb/15/fallbrook-reimbursements/,463px9,libertarian,news,1455646119,rickywhy,28,0,1608,13,0
,"the animals that sniff out tb , cancer and landmines",http://mosaicscience.com/story/rats-and-dogs-medical-detection-animals-smell-TB-cancer,462e4n,truereddit,news,1455628719,speckz,13,0,1181693,6051,1
,memory athletes : total recall,http://www.openthemagazine.com/article/sports/memory-athletes-total-recall,45xdc0,truereddit,news,1455555033,speckz,19,0,1181693,6051,1
,"the koch brothers ' dirty war on solar power - all over the country , the kochs and utilities have been blocking solar initiatives — but nowhere more so than in florida",https://www.rollingstone.com/politics/news/the-koch-brothers-dirty-war-on-solar-power-20160211,45kb78,truereddit,news,1455370167,the_last_broadcast,11,0,385513,1971,0
,u.s. knew of isis plot days before paris attacks : cia chief,http://www.washingtontimes.com/news/2016/feb/16/john-brennan-cia-chief-says-us-knew-isis-plot-days/,465vmv,conspiracy,news,1455674047,PCisLame,10,0,39110,-100,0
,george w bush ’ s support for jeb is only a reminder of his disastrous legacy,http://www.theguardian.com/commentisfree/2016/feb/16/george-w-bush-elections-jeb-campaign-reminder-disastrous-legacy?CMP=soc_3156,462ws8,conspiracy,news,1455636521,ghostofpennwast,46,0,231424,80539,1
,john kerry met with the heads of major studios on tuesday to talk about how to counter the isis narrative,http://variety.com/2016/biz/news/john-kerry-hollywood-studio-chiefs-isis-1201707652/,465u2p,conspiracy,news,1455673443,PCisLame,5,0,39110,-100,0
,colleges have degraded its standards and accepted more students for the pursuit of money. millennials who were led to believe colleges would guarantee them jobs are in for a rude awakening .,http://theden.tv/2015/03/18/confessions-of-an-overeducated-ac-man/,4620q8,truereddit,news,1455621204,shangazg,1248,0,1598,355,0
"you know that tr is supposed to be run by the community. as long as the majority wants to focus on great articles , all inept submissions can be removed by the majority with downvotes. unfortunately , this does n't work if the frontpage voters do n't care about keeping submissions in their appropriate subreddits or if tr receives votes from the 'other discussion ' pages of submissions in other subreddits . to prevent that more submissions [ like this short note ] ( https : //www.reddit.com/r/truereddit/comments/4276wa/bernie_sanders_spoke_truth_about_rape_when/ ) take the top spot from [ long articles like this one ] ( https : //www.reddit.com/r/truereddit/comments/425q81/is_it_still_possible_to_get_away_with_a_heist/ ) , i would like to configure automoderator in such a way that a group of subscribers can remove such submissions . a first version can be tried in /r/trtest2. a submission can be removed by three comments that explain why a submission does n't belong into the subreddit. if three redditors write top comments that start with 'submission objection ' then automoderator removes the submission. you can see an example of the full process [ here ] ( https : //www.reddit.com/r/trtest2/comments/42cdkh/how_to_win_an_election_an_ancient_guide_for/ ) . at first , i would like to limit the removal capabilities to submissions that mistake tr for an election battleground. only submissions that contain certain keywords can be removed. for /r/trtest2 , those keywords are "" election "" and "" candidate "" . this does n't mean that every article about those topics should be removed. automoderator just creates the option to remove an article if three redditors believe that the submission belongs into another subreddit . please have a look and let me know what you like and dislike about this tool .",[ meta ] preliminary hearing on 'submission objections ' for r/truereddit,https://www.reddit.com/r/TrueReddit/comments/42cs22/meta_preliminary_hearing_on_submission_objections/,42cs22,truereddit,news,1453583912,kleopatra6tilde9,91,0,7104,19810,0
